system:index,elevation,latitude,longitude,.geo
0,327,41.398275142983906,-73.99668957457507,"{""type"":""Point"",""coordinates"":[-73.99668957457507,41.398275142983906]}"
1,339,41.398275142983906,-73.99219799815448,"{""type"":""Point"",""coordinates"":[-73.99219799815448,41.398275142983906]}"
2,290,41.398275142983906,-73.98770642173389,"{""type"":""Point"",""coordinates"":[-73.98770642173389,41.398275142983906]}"
3,180,41.398275142983906,-73.98321484531328,"{""type"":""Point"",""coordinates"":[-73.98321484531328,41.398275142983906]}"
4,135,41.398275142983906,-73.9787232688927,"{""type"":""Point"",""coordinates"":[-73.9787232688927,41.398275142983906]}"
5,107,41.398275142983906,-73.97423169247209,"{""type"":""Point"",""coordinates"":[-73.97423169247209,41.398275142983906]}"
6,83,41.398275142983906,-73.9697401160515,"{""type"":""Point"",""coordinates"":[-73.9697401160515,41.398275142983906]}"
7,55,41.398275142983906,-73.96524853963089,"{""type"":""Point"",""coordinates"":[-73.96524853963089,41.398275142983906]}"
8,10,41.398275142983906,-73.9607569632103,"{""type"":""Point"",""coordinates"":[-73.9607569632103,41.398275142983906]}"
9,8,41.398275142983906,-73.9562653867897,"{""type"":""Point"",""coordinates"":[-73.9562653867897,41.398275142983906]}"
10,8,41.398275142983906,-73.9517738103691,"{""type"":""Point"",""coordinates"":[-73.9517738103691,41.398275142983906]}"
11,0,41.398275142983906,-73.9472822339485,"{""type"":""Point"",""coordinates"":[-73.9472822339485,41.398275142983906]}"
12,1,41.398275142983906,-73.94279065752791,"{""type"":""Point"",""coordinates"":[-73.94279065752791,41.398275142983906]}"
13,4,41.398275142983906,-73.9382990811073,"{""type"":""Point"",""coordinates"":[-73.93829908110732,41.398275142983906]}"
14,61,41.398275142983906,-73.93380750468671,"{""type"":""Point"",""coordinates"":[-73.93380750468671,41.398275142983906]}"
15,90,41.398275142983906,-73.92931592826612,"{""type"":""Point"",""coordinates"":[-73.92931592826612,41.398275142983906]}"
16,149,41.398275142983906,-73.92482435184552,"{""type"":""Point"",""coordinates"":[-73.92482435184552,41.398275142983906]}"
17,131,41.398275142983906,-73.92033277542492,"{""type"":""Point"",""coordinates"":[-73.92033277542492,41.398275142983906]}"
18,176,41.398275142983906,-73.91584119900432,"{""type"":""Point"",""coordinates"":[-73.91584119900432,41.398275142983906]}"
19,194,41.398275142983906,-73.91134962258373,"{""type"":""Point"",""coordinates"":[-73.91134962258373,41.398275142983906]}"
20,247,41.398275142983906,-73.90685804616312,"{""type"":""Point"",""coordinates"":[-73.90685804616312,41.398275142983906]}"
21,258,41.398275142983906,-73.90236646974253,"{""type"":""Point"",""coordinates"":[-73.90236646974253,41.398275142983906]}"
22,288,41.3937835665633,-73.99668957457507,"{""type"":""Point"",""coordinates"":[-73.99668957457507,41.39378356656331]}"
23,281,41.3937835665633,-73.99219799815448,"{""type"":""Point"",""coordinates"":[-73.99219799815448,41.39378356656331]}"
24,209,41.3937835665633,-73.98770642173389,"{""type"":""Point"",""coordinates"":[-73.98770642173389,41.3937835665633]}"
25,199,41.3937835665633,-73.98321484531328,"{""type"":""Point"",""coordinates"":[-73.98321484531328,41.39378356656331]}"
26,218,41.3937835665633,-73.9787232688927,"{""type"":""Point"",""coordinates"":[-73.9787232688927,41.39378356656331]}"
27,190,41.3937835665633,-73.97423169247209,"{""type"":""Point"",""coordinates"":[-73.97423169247209,41.39378356656331]}"
28,173,41.3937835665633,-73.9697401160515,"{""type"":""Point"",""coordinates"":[-73.9697401160515,41.39378356656331]}"
29,114,41.3937835665633,-73.96524853963089,"{""type"":""Point"",""coordinates"":[-73.96524853963089,41.39378356656331]}"
30,74,41.3937835665633,-73.9607569632103,"{""type"":""Point"",""coordinates"":[-73.9607569632103,41.39378356656331]}"
31,52,41.3937835665633,-73.9562653867897,"{""type"":""Point"",""coordinates"":[-73.9562653867897,41.39378356656331]}"
32,38,41.3937835665633,-73.9517738103691,"{""type"":""Point"",""coordinates"":[-73.9517738103691,41.39378356656331]}"
33,0,41.3937835665633,-73.9472822339485,"{""type"":""Point"",""coordinates"":[-73.9472822339485,41.3937835665633]}"
34,2,41.3937835665633,-73.94279065752791,"{""type"":""Point"",""coordinates"":[-73.94279065752791,41.39378356656331]}"
35,15,41.3937835665633,-73.9382990811073,"{""type"":""Point"",""coordinates"":[-73.93829908110732,41.39378356656331]}"
36,65,41.3937835665633,-73.93380750468671,"{""type"":""Point"",""coordinates"":[-73.93380750468671,41.39378356656331]}"
37,95,41.3937835665633,-73.92931592826612,"{""type"":""Point"",""coordinates"":[-73.92931592826612,41.39378356656331]}"
38,128,41.3937835665633,-73.92482435184552,"{""type"":""Point"",""coordinates"":[-73.92482435184552,41.39378356656331]}"
39,141,41.3937835665633,-73.92033277542492,"{""type"":""Point"",""coordinates"":[-73.92033277542492,41.39378356656331]}"
40,177,41.3937835665633,-73.91584119900432,"{""type"":""Point"",""coordinates"":[-73.91584119900432,41.39378356656331]}"
41,181,41.3937835665633,-73.91134962258373,"{""type"":""Point"",""coordinates"":[-73.91134962258373,41.39378356656331]}"
42,230,41.3937835665633,-73.90685804616312,"{""type"":""Point"",""coordinates"":[-73.90685804616312,41.39378356656331]}"
43,234,41.3937835665633,-73.90236646974253,"{""type"":""Point"",""coordinates"":[-73.90236646974253,41.39378356656331]}"
44,261,41.38929199014271,-73.99668957457507,"{""type"":""Point"",""coordinates"":[-73.99668957457507,41.38929199014271]}"
45,201,41.38929199014271,-73.99219799815448,"{""type"":""Point"",""coordinates"":[-73.99219799815448,41.38929199014271]}"
46,227,41.38929199014271,-73.98770642173389,"{""type"":""Point"",""coordinates"":[-73.98770642173389,41.38929199014271]}"
47,267,41.38929199014271,-73.98321484531328,"{""type"":""Point"",""coordinates"":[-73.98321484531328,41.38929199014271]}"
48,278,41.38929199014271,-73.9787232688927,"{""type"":""Point"",""coordinates"":[-73.9787232688927,41.38929199014271]}"
49,228,41.38929199014271,-73.97423169247209,"{""type"":""Point"",""coordinates"":[-73.97423169247209,41.38929199014271]}"
50,212,41.38929199014271,-73.9697401160515,"{""type"":""Point"",""coordinates"":[-73.9697401160515,41.38929199014271]}"
51,143,41.38929199014271,-73.96524853963089,"{""type"":""Point"",""coordinates"":[-73.96524853963089,41.38929199014271]}"
52,113,41.38929199014271,-73.9607569632103,"{""type"":""Point"",""coordinates"":[-73.9607569632103,41.38929199014271]}"
53,77,41.38929199014271,-73.9562653867897,"{""type"":""Point"",""coordinates"":[-73.9562653867897,41.3892919901427]}"
54,11,41.38929199014271,-73.9517738103691,"{""type"":""Point"",""coordinates"":[-73.9517738103691,41.38929199014271]}"
55,1,41.38929199014271,-73.9472822339485,"{""type"":""Point"",""coordinates"":[-73.9472822339485,41.38929199014271]}"
56,30,41.38929199014271,-73.94279065752791,"{""type"":""Point"",""coordinates"":[-73.94279065752791,41.38929199014271]}"
57,44,41.38929199014271,-73.9382990811073,"{""type"":""Point"",""coordinates"":[-73.93829908110732,41.38929199014271]}"
58,64,41.38929199014271,-73.93380750468671,"{""type"":""Point"",""coordinates"":[-73.93380750468671,41.3892919901427]}"
59,87,41.38929199014271,-73.92931592826612,"{""type"":""Point"",""coordinates"":[-73.92931592826612,41.38929199014271]}"
60,126,41.38929199014271,-73.92482435184552,"{""type"":""Point"",""coordinates"":[-73.92482435184552,41.38929199014271]}"
61,134,41.38929199014271,-73.92033277542492,"{""type"":""Point"",""coordinates"":[-73.92033277542492,41.38929199014271]}"
62,166,41.38929199014271,-73.91584119900432,"{""type"":""Point"",""coordinates"":[-73.91584119900432,41.3892919901427]}"
63,170,41.38929199014271,-73.91134962258373,"{""type"":""Point"",""coordinates"":[-73.91134962258373,41.3892919901427]}"
64,194,41.38929199014271,-73.90685804616312,"{""type"":""Point"",""coordinates"":[-73.90685804616312,41.38929199014271]}"
65,222,41.38929199014271,-73.90236646974253,"{""type"":""Point"",""coordinates"":[-73.90236646974253,41.38929199014271]}"
66,207,41.38480041372211,-73.99668957457507,"{""type"":""Point"",""coordinates"":[-73.99668957457507,41.38480041372211]}"
67,194,41.38480041372211,-73.99219799815448,"{""type"":""Point"",""coordinates"":[-73.99219799815448,41.38480041372211]}"
68,224,41.38480041372211,-73.98770642173389,"{""type"":""Point"",""coordinates"":[-73.98770642173389,41.38480041372211]}"
69,269,41.38480041372211,-73.98321484531328,"{""type"":""Point"",""coordinates"":[-73.98321484531328,41.38480041372211]}"
70,228,41.38480041372211,-73.9787232688927,"{""type"":""Point"",""coordinates"":[-73.9787232688927,41.38480041372211]}"
71,221,41.38480041372211,-73.97423169247209,"{""type"":""Point"",""coordinates"":[-73.97423169247209,41.38480041372211]}"
72,217,41.38480041372211,-73.9697401160515,"{""type"":""Point"",""coordinates"":[-73.9697401160515,41.38480041372211]}"
73,149,41.38480041372211,-73.96524853963089,"{""type"":""Point"",""coordinates"":[-73.96524853963089,41.38480041372211]}"
74,100,41.38480041372211,-73.9607569632103,"{""type"":""Point"",""coordinates"":[-73.9607569632103,41.38480041372211]}"
75,65,41.38480041372211,-73.9562653867897,"{""type"":""Point"",""coordinates"":[-73.9562653867897,41.38480041372211]}"
76,0,41.38480041372211,-73.9517738103691,"{""type"":""Point"",""coordinates"":[-73.9517738103691,41.38480041372211]}"
77,3,41.38480041372211,-73.9472822339485,"{""type"":""Point"",""coordinates"":[-73.9472822339485,41.38480041372211]}"
78,39,41.38480041372211,-73.94279065752791,"{""type"":""Point"",""coordinates"":[-73.94279065752791,41.38480041372211]}"
79,63,41.38480041372211,-73.9382990811073,"{""type"":""Point"",""coordinates"":[-73.93829908110732,41.38480041372211]}"
80,70,41.38480041372211,-73.93380750468671,"{""type"":""Point"",""coordinates"":[-73.93380750468671,41.38480041372211]}"
81,86,41.38480041372211,-73.92931592826612,"{""type"":""Point"",""coordinates"":[-73.92931592826612,41.38480041372212]}"
82,126,41.38480041372211,-73.92482435184552,"{""type"":""Point"",""coordinates"":[-73.92482435184552,41.38480041372211]}"
83,137,41.38480041372211,-73.92033277542492,"{""type"":""Point"",""coordinates"":[-73.92033277542492,41.38480041372211]}"
84,167,41.38480041372211,-73.91584119900432,"{""type"":""Point"",""coordinates"":[-73.91584119900432,41.38480041372211]}"
85,186,41.38480041372211,-73.91134962258373,"{""type"":""Point"",""coordinates"":[-73.91134962258373,41.38480041372211]}"
86,206,41.38480041372211,-73.90685804616312,"{""type"":""Point"",""coordinates"":[-73.90685804616312,41.38480041372212]}"
87,228,41.38480041372211,-73.90236646974253,"{""type"":""Point"",""coordinates"":[-73.90236646974253,41.38480041372212]}"
88,233,41.38030883730151,-73.99668957457507,"{""type"":""Point"",""coordinates"":[-73.99668957457507,41.380308837301506]}"
89,205,41.38030883730151,-73.99219799815448,"{""type"":""Point"",""coordinates"":[-73.99219799815448,41.38030883730152]}"
90,195,41.38030883730151,-73.98770642173389,"{""type"":""Point"",""coordinates"":[-73.98770642173389,41.380308837301506]}"
91,214,41.38030883730151,-73.98321484531328,"{""type"":""Point"",""coordinates"":[-73.98321484531328,41.38030883730151]}"
92,204,41.38030883730151,-73.9787232688927,"{""type"":""Point"",""coordinates"":[-73.9787232688927,41.38030883730151]}"
93,233,41.38030883730151,-73.97423169247209,"{""type"":""Point"",""coordinates"":[-73.97423169247209,41.38030883730151]}"
94,223,41.38030883730151,-73.9697401160515,"{""type"":""Point"",""coordinates"":[-73.9697401160515,41.380308837301506]}"
95,151,41.38030883730151,-73.96524853963089,"{""type"":""Point"",""coordinates"":[-73.96524853963089,41.38030883730151]}"
96,63,41.38030883730151,-73.9607569632103,"{""type"":""Point"",""coordinates"":[-73.9607569632103,41.38030883730152]}"
97,19,41.38030883730151,-73.9562653867897,"{""type"":""Point"",""coordinates"":[-73.9562653867897,41.380308837301506]}"
98,0,41.38030883730151,-73.9517738103691,"{""type"":""Point"",""coordinates"":[-73.9517738103691,41.38030883730151]}"
99,4,41.38030883730151,-73.9472822339485,"{""type"":""Point"",""coordinates"":[-73.9472822339485,41.38030883730152]}"
100,48,41.38030883730151,-73.94279065752791,"{""type"":""Point"",""coordinates"":[-73.94279065752791,41.38030883730151]}"
101,60,41.38030883730151,-73.9382990811073,"{""type"":""Point"",""coordinates"":[-73.93829908110732,41.38030883730151]}"
102,71,41.38030883730151,-73.93380750468671,"{""type"":""Point"",""coordinates"":[-73.93380750468671,41.380308837301506]}"
103,110,41.38030883730151,-73.92931592826612,"{""type"":""Point"",""coordinates"":[-73.92931592826612,41.38030883730152]}"
104,174,41.38030883730151,-73.92482435184552,"{""type"":""Point"",""coordinates"":[-73.92482435184552,41.380308837301506]}"
105,156,41.38030883730151,-73.92033277542492,"{""type"":""Point"",""coordinates"":[-73.92033277542492,41.38030883730152]}"
106,175,41.38030883730151,-73.91584119900432,"{""type"":""Point"",""coordinates"":[-73.91584119900432,41.38030883730151]}"
107,197,41.38030883730151,-73.91134962258373,"{""type"":""Point"",""coordinates"":[-73.91134962258373,41.380308837301506]}"
108,213,41.38030883730151,-73.90685804616312,"{""type"":""Point"",""coordinates"":[-73.90685804616312,41.38030883730151]}"
109,235,41.38030883730151,-73.90236646974253,"{""type"":""Point"",""coordinates"":[-73.90236646974253,41.38030883730152]}"
110,256,41.375817260880915,-73.99668957457507,"{""type"":""Point"",""coordinates"":[-73.99668957457507,41.375817260880915]}"
111,294,41.375817260880915,-73.99219799815448,"{""type"":""Point"",""coordinates"":[-73.99219799815448,41.375817260880915]}"
112,273,41.375817260880915,-73.98770642173389,"{""type"":""Point"",""coordinates"":[-73.98770642173389,41.37581726088091]}"
113,225,41.375817260880915,-73.98321484531328,"{""type"":""Point"",""coordinates"":[-73.98321484531328,41.375817260880915]}"
114,174,41.375817260880915,-73.9787232688927,"{""type"":""Point"",""coordinates"":[-73.9787232688927,41.37581726088091]}"
115,154,41.375817260880915,-73.97423169247209,"{""type"":""Point"",""coordinates"":[-73.97423169247209,41.375817260880915]}"
116,146,41.375817260880915,-73.9697401160515,"{""type"":""Point"",""coordinates"":[-73.9697401160515,41.375817260880915]}"
117,77,41.375817260880915,-73.96524853963089,"{""type"":""Point"",""coordinates"":[-73.96524853963089,41.375817260880915]}"
118,46,41.375817260880915,-73.9607569632103,"{""type"":""Point"",""coordinates"":[-73.9607569632103,41.37581726088091]}"
119,1,41.375817260880915,-73.9562653867897,"{""type"":""Point"",""coordinates"":[-73.9562653867897,41.37581726088091]}"
120,4,41.375817260880915,-73.9517738103691,"{""type"":""Point"",""coordinates"":[-73.9517738103691,41.375817260880915]}"
121,22,41.375817260880915,-73.9472822339485,"{""type"":""Point"",""coordinates"":[-73.9472822339485,41.375817260880915]}"
122,51,41.375817260880915,-73.94279065752791,"{""type"":""Point"",""coordinates"":[-73.94279065752791,41.375817260880915]}"
123,59,41.375817260880915,-73.9382990811073,"{""type"":""Point"",""coordinates"":[-73.93829908110732,41.37581726088091]}"
124,88,41.375817260880915,-73.93380750468671,"{""type"":""Point"",""coordinates"":[-73.93380750468671,41.37581726088091]}"
125,160,41.375817260880915,-73.92931592826612,"{""type"":""Point"",""coordinates"":[-73.92931592826612,41.375817260880915]}"
126,223,41.375817260880915,-73.92482435184552,"{""type"":""Point"",""coordinates"":[-73.92482435184552,41.375817260880915]}"
127,195,41.375817260880915,-73.92033277542492,"{""type"":""Point"",""coordinates"":[-73.92033277542492,41.375817260880915]}"
128,198,41.375817260880915,-73.91584119900432,"{""type"":""Point"",""coordinates"":[-73.91584119900432,41.37581726088091]}"
129,208,41.375817260880915,-73.91134962258373,"{""type"":""Point"",""coordinates"":[-73.91134962258373,41.37581726088091]}"
130,225,41.375817260880915,-73.90685804616312,"{""type"":""Point"",""coordinates"":[-73.90685804616312,41.375817260880915]}"
131,272,41.375817260880915,-73.90236646974253,"{""type"":""Point"",""coordinates"":[-73.90236646974253,41.375817260880915]}"
132,307,41.37132568446032,-73.99668957457507,"{""type"":""Point"",""coordinates"":[-73.99668957457507,41.37132568446031]}"
133,291,41.37132568446032,-73.99219799815448,"{""type"":""Point"",""coordinates"":[-73.99219799815448,41.37132568446032]}"
134,290,41.37132568446032,-73.98770642173389,"{""type"":""Point"",""coordinates"":[-73.98770642173389,41.37132568446032]}"
135,277,41.37132568446032,-73.98321484531328,"{""type"":""Point"",""coordinates"":[-73.98321484531328,41.371325684460324]}"
136,268,41.37132568446032,-73.9787232688927,"{""type"":""Point"",""coordinates"":[-73.9787232688927,41.37132568446032]}"
137,165,41.37132568446032,-73.97423169247209,"{""type"":""Point"",""coordinates"":[-73.97423169247209,41.37132568446032]}"
138,90,41.37132568446032,-73.9697401160515,"{""type"":""Point"",""coordinates"":[-73.9697401160515,41.371325684460324]}"
139,61,41.37132568446032,-73.96524853963089,"{""type"":""Point"",""coordinates"":[-73.96524853963089,41.371325684460324]}"
140,37,41.37132568446032,-73.9607569632103,"{""type"":""Point"",""coordinates"":[-73.9607569632103,41.37132568446032]}"
141,0,41.37132568446032,-73.9562653867897,"{""type"":""Point"",""coordinates"":[-73.9562653867897,41.37132568446032]}"
142,16,41.37132568446032,-73.9517738103691,"{""type"":""Point"",""coordinates"":[-73.9517738103691,41.371325684460324]}"
143,45,41.37132568446032,-73.9472822339485,"{""type"":""Point"",""coordinates"":[-73.9472822339485,41.371325684460324]}"
144,52,41.37132568446032,-73.94279065752791,"{""type"":""Point"",""coordinates"":[-73.94279065752791,41.371325684460324]}"
145,98,41.37132568446032,-73.9382990811073,"{""type"":""Point"",""coordinates"":[-73.93829908110732,41.37132568446031]}"
146,152,41.37132568446032,-73.93380750468671,"{""type"":""Point"",""coordinates"":[-73.93380750468671,41.37132568446032]}"
147,139,41.37132568446032,-73.92931592826612,"{""type"":""Point"",""coordinates"":[-73.92931592826612,41.37132568446032]}"
148,195,41.37132568446032,-73.92482435184552,"{""type"":""Point"",""coordinates"":[-73.92482435184552,41.37132568446031]}"
149,234,41.37132568446032,-73.92033277542492,"{""type"":""Point"",""coordinates"":[-73.92033277542492,41.371325684460324]}"
150,223,41.37132568446032,-73.91584119900432,"{""type"":""Point"",""coordinates"":[-73.91584119900432,41.37132568446032]}"
151,205,41.37132568446032,-73.91134962258373,"{""type"":""Point"",""coordinates"":[-73.91134962258373,41.37132568446032]}"
152,257,41.37132568446032,-73.90685804616312,"{""type"":""Point"",""coordinates"":[-73.90685804616312,41.371325684460324]}"
153,264,41.37132568446032,-73.90236646974253,"{""type"":""Point"",""coordinates"":[-73.90236646974253,41.371325684460324]}"
154,319,41.36683410803972,-73.99668957457507,"{""type"":""Point"",""coordinates"":[-73.99668957457507,41.366834108039725]}"
155,328,41.36683410803972,-73.99219799815448,"{""type"":""Point"",""coordinates"":[-73.99219799815448,41.36683410803971]}"
156,322,41.36683410803972,-73.98770642173389,"{""type"":""Point"",""coordinates"":[-73.98770642173389,41.36683410803971]}"
157,324,41.36683410803972,-73.98321484531328,"{""type"":""Point"",""coordinates"":[-73.98321484531328,41.366834108039725]}"
158,243,41.36683410803972,-73.9787232688927,"{""type"":""Point"",""coordinates"":[-73.9787232688927,41.36683410803971]}"
159,158,41.36683410803972,-73.97423169247209,"{""type"":""Point"",""coordinates"":[-73.97423169247209,41.36683410803971]}"
160,79,41.36683410803972,-73.9697401160515,"{""type"":""Point"",""coordinates"":[-73.9697401160515,41.36683410803971]}"
161,58,41.36683410803972,-73.96524853963089,"{""type"":""Point"",""coordinates"":[-73.96524853963089,41.366834108039725]}"
162,23,41.36683410803972,-73.9607569632103,"{""type"":""Point"",""coordinates"":[-73.9607569632103,41.36683410803971]}"
163,0,41.36683410803972,-73.9562653867897,"{""type"":""Point"",""coordinates"":[-73.9562653867897,41.36683410803971]}"
164,33,41.36683410803972,-73.9517738103691,"{""type"":""Point"",""coordinates"":[-73.9517738103691,41.36683410803971]}"
165,51,41.36683410803972,-73.9472822339485,"{""type"":""Point"",""coordinates"":[-73.9472822339485,41.36683410803971]}"
166,78,41.36683410803972,-73.94279065752791,"{""type"":""Point"",""coordinates"":[-73.94279065752791,41.366834108039725]}"
167,160,41.36683410803972,-73.9382990811073,"{""type"":""Point"",""coordinates"":[-73.93829908110732,41.36683410803971]}"
168,197,41.36683410803972,-73.93380750468671,"{""type"":""Point"",""coordinates"":[-73.93380750468671,41.36683410803971]}"
169,152,41.36683410803972,-73.92931592826612,"{""type"":""Point"",""coordinates"":[-73.92931592826612,41.36683410803971]}"
170,161,41.36683410803972,-73.92482435184552,"{""type"":""Point"",""coordinates"":[-73.92482435184552,41.36683410803971]}"
171,193,41.36683410803972,-73.92033277542492,"{""type"":""Point"",""coordinates"":[-73.92033277542492,41.366834108039725]}"
172,209,41.36683410803972,-73.91584119900432,"{""type"":""Point"",""coordinates"":[-73.91584119900432,41.36683410803971]}"
173,196,41.36683410803972,-73.91134962258373,"{""type"":""Point"",""coordinates"":[-73.91134962258373,41.36683410803971]}"
174,231,41.36683410803972,-73.90685804616312,"{""type"":""Point"",""coordinates"":[-73.90685804616312,41.366834108039725]}"
175,192,41.36683410803972,-73.90236646974253,"{""type"":""Point"",""coordinates"":[-73.90236646974253,41.366834108039725]}"
176,342,41.36234253161912,-73.99668957457507,"{""type"":""Point"",""coordinates"":[-73.99668957457507,41.36234253161912]}"
177,342,41.36234253161912,-73.99219799815448,"{""type"":""Point"",""coordinates"":[-73.99219799815448,41.36234253161912]}"
178,324,41.36234253161912,-73.98770642173389,"{""type"":""Point"",""coordinates"":[-73.98770642173389,41.36234253161912]}"
179,218,41.36234253161912,-73.98321484531328,"{""type"":""Point"",""coordinates"":[-73.98321484531328,41.36234253161912]}"
180,173,41.36234253161912,-73.9787232688927,"{""type"":""Point"",""coordinates"":[-73.9787232688927,41.36234253161912]}"
181,152,41.36234253161912,-73.97423169247209,"{""type"":""Point"",""coordinates"":[-73.97423169247209,41.36234253161912]}"
182,76,41.36234253161912,-73.9697401160515,"{""type"":""Point"",""coordinates"":[-73.9697401160515,41.36234253161912]}"
183,56,41.36234253161912,-73.96524853963089,"{""type"":""Point"",""coordinates"":[-73.96524853963089,41.36234253161912]}"
184,10,41.36234253161912,-73.9607569632103,"{""type"":""Point"",""coordinates"":[-73.9607569632103,41.36234253161913]}"
185,2,41.36234253161912,-73.9562653867897,"{""type"":""Point"",""coordinates"":[-73.9562653867897,41.36234253161912]}"
186,36,41.36234253161912,-73.9517738103691,"{""type"":""Point"",""coordinates"":[-73.9517738103691,41.36234253161911]}"
187,85,41.36234253161912,-73.9472822339485,"{""type"":""Point"",""coordinates"":[-73.9472822339485,41.36234253161911]}"
188,173,41.36234253161912,-73.94279065752791,"{""type"":""Point"",""coordinates"":[-73.94279065752791,41.36234253161913]}"
189,200,41.36234253161912,-73.9382990811073,"{""type"":""Point"",""coordinates"":[-73.93829908110732,41.36234253161913]}"
190,211,41.36234253161912,-73.93380750468671,"{""type"":""Point"",""coordinates"":[-73.93380750468671,41.36234253161911]}"
191,180,41.36234253161912,-73.92931592826612,"{""type"":""Point"",""coordinates"":[-73.92931592826612,41.36234253161912]}"
192,159,41.36234253161912,-73.92482435184552,"{""type"":""Point"",""coordinates"":[-73.92482435184552,41.36234253161912]}"
193,209,41.36234253161912,-73.92033277542492,"{""type"":""Point"",""coordinates"":[-73.92033277542492,41.36234253161912]}"
194,180,41.36234253161912,-73.91584119900432,"{""type"":""Point"",""coordinates"":[-73.91584119900432,41.36234253161912]}"
195,227,41.36234253161912,-73.91134962258373,"{""type"":""Point"",""coordinates"":[-73.91134962258373,41.36234253161911]}"
196,212,41.36234253161912,-73.90685804616312,"{""type"":""Point"",""coordinates"":[-73.90685804616312,41.36234253161913]}"
197,166,41.36234253161912,-73.90236646974253,"{""type"":""Point"",""coordinates"":[-73.90236646974253,41.36234253161912]}"
198,307,41.35785095519853,-73.99668957457507,"{""type"":""Point"",""coordinates"":[-73.99668957457507,41.357850955198536]}"
199,299,41.35785095519853,-73.99219799815448,"{""type"":""Point"",""coordinates"":[-73.99219799815448,41.357850955198536]}"
200,255,41.35785095519853,-73.98770642173389,"{""type"":""Point"",""coordinates"":[-73.98770642173389,41.357850955198536]}"
201,181,41.35785095519853,-73.98321484531328,"{""type"":""Point"",""coordinates"":[-73.98321484531328,41.357850955198536]}"
202,143,41.35785095519853,-73.9787232688927,"{""type"":""Point"",""coordinates"":[-73.9787232688927,41.357850955198536]}"
203,116,41.35785095519853,-73.97423169247209,"{""type"":""Point"",""coordinates"":[-73.97423169247209,41.357850955198536]}"
204,65,41.35785095519853,-73.9697401160515,"{""type"":""Point"",""coordinates"":[-73.9697401160515,41.357850955198536]}"
205,49,41.35785095519853,-73.96524853963089,"{""type"":""Point"",""coordinates"":[-73.96524853963089,41.357850955198536]}"
206,5,41.35785095519853,-73.9607569632103,"{""type"":""Point"",""coordinates"":[-73.9607569632103,41.357850955198536]}"
207,3,41.35785095519853,-73.9562653867897,"{""type"":""Point"",""coordinates"":[-73.9562653867897,41.357850955198536]}"
208,52,41.35785095519853,-73.9517738103691,"{""type"":""Point"",""coordinates"":[-73.9517738103691,41.357850955198536]}"
209,146,41.35785095519853,-73.9472822339485,"{""type"":""Point"",""coordinates"":[-73.9472822339485,41.357850955198536]}"
210,168,41.35785095519853,-73.94279065752791,"{""type"":""Point"",""coordinates"":[-73.94279065752791,41.357850955198536]}"
211,223,41.35785095519853,-73.9382990811073,"{""type"":""Point"",""coordinates"":[-73.93829908110732,41.357850955198536]}"
212,253,41.35785095519853,-73.93380750468671,"{""type"":""Point"",""coordinates"":[-73.93380750468671,41.357850955198536]}"
213,211,41.35785095519853,-73.92931592826612,"{""type"":""Point"",""coordinates"":[-73.92931592826612,41.357850955198536]}"
214,192,41.35785095519853,-73.92482435184552,"{""type"":""Point"",""coordinates"":[-73.92482435184552,41.357850955198536]}"
215,174,41.35785095519853,-73.92033277542492,"{""type"":""Point"",""coordinates"":[-73.92033277542492,41.357850955198536]}"
216,178,41.35785095519853,-73.91584119900432,"{""type"":""Point"",""coordinates"":[-73.91584119900432,41.357850955198536]}"
217,215,41.35785095519853,-73.91134962258373,"{""type"":""Point"",""coordinates"":[-73.91134962258373,41.357850955198536]}"
218,202,41.35785095519853,-73.90685804616312,"{""type"":""Point"",""coordinates"":[-73.90685804616312,41.357850955198536]}"
219,168,41.35785095519853,-73.90236646974253,"{""type"":""Point"",""coordinates"":[-73.90236646974253,41.357850955198536]}"
220,298,41.353359378777924,-73.99668957457507,"{""type"":""Point"",""coordinates"":[-73.99668957457507,41.353359378777924]}"
221,216,41.353359378777924,-73.99219799815448,"{""type"":""Point"",""coordinates"":[-73.99219799815448,41.353359378777924]}"
222,171,41.353359378777924,-73.98770642173389,"{""type"":""Point"",""coordinates"":[-73.98770642173389,41.353359378777924]}"
223,133,41.353359378777924,-73.98321484531328,"{""type"":""Point"",""coordinates"":[-73.98321484531328,41.353359378777924]}"
224,114,41.353359378777924,-73.9787232688927,"{""type"":""Point"",""coordinates"":[-73.9787232688927,41.353359378777924]}"
225,88,41.353359378777924,-73.97423169247209,"{""type"":""Point"",""coordinates"":[-73.97423169247209,41.353359378777924]}"
226,56,41.353359378777924,-73.9697401160515,"{""type"":""Point"",""coordinates"":[-73.9697401160515,41.353359378777924]}"
227,29,41.353359378777924,-73.96524853963089,"{""type"":""Point"",""coordinates"":[-73.96524853963089,41.353359378777924]}"
228,1,41.353359378777924,-73.9607569632103,"{""type"":""Point"",""coordinates"":[-73.9607569632103,41.35335937877793]}"
229,5,41.353359378777924,-73.9562653867897,"{""type"":""Point"",""coordinates"":[-73.9562653867897,41.353359378777924]}"
230,57,41.353359378777924,-73.9517738103691,"{""type"":""Point"",""coordinates"":[-73.9517738103691,41.353359378777924]}"
231,125,41.353359378777924,-73.9472822339485,"{""type"":""Point"",""coordinates"":[-73.9472822339485,41.353359378777924]}"
232,168,41.353359378777924,-73.94279065752791,"{""type"":""Point"",""coordinates"":[-73.94279065752791,41.353359378777924]}"
233,220,41.353359378777924,-73.9382990811073,"{""type"":""Point"",""coordinates"":[-73.93829908110732,41.353359378777924]}"
234,267,41.353359378777924,-73.93380750468671,"{""type"":""Point"",""coordinates"":[-73.93380750468671,41.353359378777924]}"
235,202,41.353359378777924,-73.92931592826612,"{""type"":""Point"",""coordinates"":[-73.92931592826612,41.353359378777924]}"
236,157,41.353359378777924,-73.92482435184552,"{""type"":""Point"",""coordinates"":[-73.92482435184552,41.353359378777924]}"
237,150,41.353359378777924,-73.92033277542492,"{""type"":""Point"",""coordinates"":[-73.92033277542492,41.35335937877793]}"
238,168,41.353359378777924,-73.91584119900432,"{""type"":""Point"",""coordinates"":[-73.91584119900432,41.353359378777924]}"
239,198,41.353359378777924,-73.91134962258373,"{""type"":""Point"",""coordinates"":[-73.91134962258373,41.353359378777924]}"
240,192,41.353359378777924,-73.90685804616312,"{""type"":""Point"",""coordinates"":[-73.90685804616312,41.353359378777924]}"
241,156,41.353359378777924,-73.90236646974253,"{""type"":""Point"",""coordinates"":[-73.90236646974253,41.353359378777924]}"
242,244,41.34886780235733,-73.99668957457507,"{""type"":""Point"",""coordinates"":[-73.99668957457507,41.34886780235733]}"
243,177,41.34886780235733,-73.99219799815448,"{""type"":""Point"",""coordinates"":[-73.99219799815448,41.34886780235733]}"
244,147,41.34886780235733,-73.98770642173389,"{""type"":""Point"",""coordinates"":[-73.98770642173389,41.34886780235733]}"
245,137,41.34886780235733,-73.98321484531328,"{""type"":""Point"",""coordinates"":[-73.98321484531328,41.34886780235733]}"
246,131,41.34886780235733,-73.9787232688927,"{""type"":""Point"",""coordinates"":[-73.9787232688927,41.34886780235734]}"
247,94,41.34886780235733,-73.97423169247209,"{""type"":""Point"",""coordinates"":[-73.97423169247209,41.34886780235733]}"
248,55,41.34886780235733,-73.9697401160515,"{""type"":""Point"",""coordinates"":[-73.9697401160515,41.34886780235733]}"
249,12,41.34886780235733,-73.96524853963089,"{""type"":""Point"",""coordinates"":[-73.96524853963089,41.34886780235733]}"
250,0,41.34886780235733,-73.9607569632103,"{""type"":""Point"",""coordinates"":[-73.9607569632103,41.34886780235733]}"
251,7,41.34886780235733,-73.9562653867897,"{""type"":""Point"",""coordinates"":[-73.9562653867897,41.34886780235733]}"
252,61,41.34886780235733,-73.9517738103691,"{""type"":""Point"",""coordinates"":[-73.9517738103691,41.34886780235733]}"
253,126,41.34886780235733,-73.9472822339485,"{""type"":""Point"",""coordinates"":[-73.9472822339485,41.34886780235733]}"
254,173,41.34886780235733,-73.94279065752791,"{""type"":""Point"",""coordinates"":[-73.94279065752791,41.34886780235734]}"
255,221,41.34886780235733,-73.9382990811073,"{""type"":""Point"",""coordinates"":[-73.93829908110732,41.34886780235733]}"
256,257,41.34886780235733,-73.93380750468671,"{""type"":""Point"",""coordinates"":[-73.93380750468671,41.34886780235733]}"
257,184,41.34886780235733,-73.92931592826612,"{""type"":""Point"",""coordinates"":[-73.92931592826612,41.34886780235734]}"
258,138,41.34886780235733,-73.92482435184552,"{""type"":""Point"",""coordinates"":[-73.92482435184552,41.34886780235733]}"
259,179,41.34886780235733,-73.92033277542492,"{""type"":""Point"",""coordinates"":[-73.92033277542492,41.34886780235733]}"
260,161,41.34886780235733,-73.91584119900432,"{""type"":""Point"",""coordinates"":[-73.91584119900432,41.34886780235733]}"
261,143,41.34886780235733,-73.91134962258373,"{""type"":""Point"",""coordinates"":[-73.91134962258373,41.34886780235733]}"
262,128,41.34886780235733,-73.90685804616312,"{""type"":""Point"",""coordinates"":[-73.90685804616312,41.34886780235733]}"
263,165,41.34886780235733,-73.90236646974253,"{""type"":""Point"",""coordinates"":[-73.90236646974253,41.34886780235733]}"
264,210,41.34437622593673,-73.99668957457507,"{""type"":""Point"",""coordinates"":[-73.99668957457507,41.34437622593673]}"
265,188,41.34437622593673,-73.99219799815448,"{""type"":""Point"",""coordinates"":[-73.99219799815448,41.34437622593673]}"
266,184,41.34437622593673,-73.98770642173389,"{""type"":""Point"",""coordinates"":[-73.98770642173389,41.34437622593673]}"
267,180,41.34437622593673,-73.98321484531328,"{""type"":""Point"",""coordinates"":[-73.98321484531328,41.34437622593673]}"
268,143,41.34437622593673,-73.9787232688927,"{""type"":""Point"",""coordinates"":[-73.9787232688927,41.34437622593673]}"
269,87,41.34437622593673,-73.97423169247209,"{""type"":""Point"",""coordinates"":[-73.97423169247209,41.34437622593673]}"
270,34,41.34437622593673,-73.9697401160515,"{""type"":""Point"",""coordinates"":[-73.9697401160515,41.34437622593673]}"
271,0,41.34437622593673,-73.96524853963089,"{""type"":""Point"",""coordinates"":[-73.96524853963089,41.34437622593673]}"
272,0,41.34437622593673,-73.9607569632103,"{""type"":""Point"",""coordinates"":[-73.9607569632103,41.34437622593673]}"
273,23,41.34437622593673,-73.9562653867897,"{""type"":""Point"",""coordinates"":[-73.9562653867897,41.34437622593673]}"
274,80,41.34437622593673,-73.9517738103691,"{""type"":""Point"",""coordinates"":[-73.9517738103691,41.34437622593673]}"
275,180,41.34437622593673,-73.9472822339485,"{""type"":""Point"",""coordinates"":[-73.9472822339485,41.34437622593673]}"
276,215,41.34437622593673,-73.94279065752791,"{""type"":""Point"",""coordinates"":[-73.94279065752791,41.34437622593673]}"
277,264,41.34437622593673,-73.9382990811073,"{""type"":""Point"",""coordinates"":[-73.93829908110732,41.34437622593673]}"
278,228,41.34437622593673,-73.93380750468671,"{""type"":""Point"",""coordinates"":[-73.93380750468671,41.34437622593673]}"
279,156,41.34437622593673,-73.92931592826612,"{""type"":""Point"",""coordinates"":[-73.92931592826612,41.34437622593673]}"
280,137,41.34437622593673,-73.92482435184552,"{""type"":""Point"",""coordinates"":[-73.92482435184552,41.34437622593673]}"
281,163,41.34437622593673,-73.92033277542492,"{""type"":""Point"",""coordinates"":[-73.92033277542492,41.34437622593673]}"
282,156,41.34437622593673,-73.91584119900432,"{""type"":""Point"",""coordinates"":[-73.91584119900432,41.34437622593673]}"
283,152,41.34437622593673,-73.91134962258373,"{""type"":""Point"",""coordinates"":[-73.91134962258373,41.34437622593673]}"
284,114,41.34437622593673,-73.90685804616312,"{""type"":""Point"",""coordinates"":[-73.90685804616312,41.34437622593673]}"
285,116,41.34437622593673,-73.90236646974253,"{""type"":""Point"",""coordinates"":[-73.90236646974253,41.34437622593673]}"
286,171,41.33988464951614,-73.99668957457507,"{""type"":""Point"",""coordinates"":[-73.99668957457507,41.339884649516144]}"
287,122,41.33988464951614,-73.99219799815448,"{""type"":""Point"",""coordinates"":[-73.99219799815448,41.339884649516144]}"
288,142,41.33988464951614,-73.98770642173389,"{""type"":""Point"",""coordinates"":[-73.98770642173389,41.339884649516144]}"
289,132,41.33988464951614,-73.98321484531328,"{""type"":""Point"",""coordinates"":[-73.98321484531328,41.339884649516144]}"
290,92,41.33988464951614,-73.9787232688927,"{""type"":""Point"",""coordinates"":[-73.9787232688927,41.339884649516144]}"
291,46,41.33988464951614,-73.97423169247209,"{""type"":""Point"",""coordinates"":[-73.97423169247209,41.339884649516144]}"
292,4,41.33988464951614,-73.9697401160515,"{""type"":""Point"",""coordinates"":[-73.9697401160515,41.339884649516144]}"
293,3,41.33988464951614,-73.96524853963089,"{""type"":""Point"",""coordinates"":[-73.96524853963089,41.339884649516144]}"
294,12,41.33988464951614,-73.9607569632103,"{""type"":""Point"",""coordinates"":[-73.9607569632103,41.339884649516144]}"
295,51,41.33988464951614,-73.9562653867897,"{""type"":""Point"",""coordinates"":[-73.9562653867897,41.339884649516144]}"
296,122,41.33988464951614,-73.9517738103691,"{""type"":""Point"",""coordinates"":[-73.9517738103691,41.33988464951613]}"
297,229,41.33988464951614,-73.9472822339485,"{""type"":""Point"",""coordinates"":[-73.9472822339485,41.339884649516144]}"
298,244,41.33988464951614,-73.94279065752791,"{""type"":""Point"",""coordinates"":[-73.94279065752791,41.339884649516144]}"
299,253,41.33988464951614,-73.9382990811073,"{""type"":""Point"",""coordinates"":[-73.93829908110732,41.339884649516144]}"
300,177,41.33988464951614,-73.93380750468671,"{""type"":""Point"",""coordinates"":[-73.93380750468671,41.339884649516144]}"
301,160,41.33988464951614,-73.92931592826612,"{""type"":""Point"",""coordinates"":[-73.92931592826612,41.339884649516144]}"
302,138,41.33988464951614,-73.92482435184552,"{""type"":""Point"",""coordinates"":[-73.92482435184552,41.339884649516144]}"
303,132,41.33988464951614,-73.92033277542492,"{""type"":""Point"",""coordinates"":[-73.92033277542492,41.339884649516144]}"
304,147,41.33988464951614,-73.91584119900432,"{""type"":""Point"",""coordinates"":[-73.91584119900432,41.339884649516144]}"
305,183,41.33988464951614,-73.91134962258373,"{""type"":""Point"",""coordinates"":[-73.91134962258373,41.339884649516144]}"
306,145,41.33988464951614,-73.90685804616312,"{""type"":""Point"",""coordinates"":[-73.90685804616312,41.339884649516144]}"
307,84,41.33988464951614,-73.90236646974253,"{""type"":""Point"",""coordinates"":[-73.90236646974253,41.339884649516144]}"
308,162,41.33539307309553,-73.99668957457507,"{""type"":""Point"",""coordinates"":[-73.99668957457507,41.33539307309553]}"
309,112,41.33539307309553,-73.99219799815448,"{""type"":""Point"",""coordinates"":[-73.99219799815448,41.33539307309553]}"
310,96,41.33539307309553,-73.98770642173389,"{""type"":""Point"",""coordinates"":[-73.98770642173389,41.33539307309553]}"
311,62,41.33539307309553,-73.98321484531328,"{""type"":""Point"",""coordinates"":[-73.98321484531328,41.33539307309553]}"
312,47,41.33539307309553,-73.9787232688927,"{""type"":""Point"",""coordinates"":[-73.9787232688927,41.33539307309553]}"
313,17,41.33539307309553,-73.97423169247209,"{""type"":""Point"",""coordinates"":[-73.97423169247209,41.33539307309553]}"
314,0,41.33539307309553,-73.9697401160515,"{""type"":""Point"",""coordinates"":[-73.9697401160515,41.33539307309553]}"
315,14,41.33539307309553,-73.96524853963089,"{""type"":""Point"",""coordinates"":[-73.96524853963089,41.33539307309553]}"
316,42,41.33539307309553,-73.9607569632103,"{""type"":""Point"",""coordinates"":[-73.9607569632103,41.33539307309553]}"
317,69,41.33539307309553,-73.9562653867897,"{""type"":""Point"",""coordinates"":[-73.9562653867897,41.33539307309553]}"
318,168,41.33539307309553,-73.9517738103691,"{""type"":""Point"",""coordinates"":[-73.9517738103691,41.33539307309553]}"
319,243,41.33539307309553,-73.9472822339485,"{""type"":""Point"",""coordinates"":[-73.9472822339485,41.33539307309553]}"
320,208,41.33539307309553,-73.94279065752791,"{""type"":""Point"",""coordinates"":[-73.94279065752791,41.33539307309553]}"
321,188,41.33539307309553,-73.9382990811073,"{""type"":""Point"",""coordinates"":[-73.93829908110732,41.33539307309553]}"
322,152,41.33539307309553,-73.93380750468671,"{""type"":""Point"",""coordinates"":[-73.93380750468671,41.33539307309553]}"
323,158,41.33539307309553,-73.92931592826612,"{""type"":""Point"",""coordinates"":[-73.92931592826612,41.33539307309553]}"
324,134,41.33539307309553,-73.92482435184552,"{""type"":""Point"",""coordinates"":[-73.92482435184552,41.33539307309553]}"
325,108,41.33539307309553,-73.92033277542492,"{""type"":""Point"",""coordinates"":[-73.92033277542492,41.33539307309553]}"
326,122,41.33539307309553,-73.91584119900432,"{""type"":""Point"",""coordinates"":[-73.91584119900432,41.33539307309553]}"
327,126,41.33539307309553,-73.91134962258373,"{""type"":""Point"",""coordinates"":[-73.91134962258373,41.33539307309553]}"
328,81,41.33539307309553,-73.90685804616312,"{""type"":""Point"",""coordinates"":[-73.90685804616312,41.33539307309553]}"
329,64,41.33539307309553,-73.90236646974253,"{""type"":""Point"",""coordinates"":[-73.90236646974253,41.33539307309553]}"
330,112,41.33090149667494,-73.99668957457507,"{""type"":""Point"",""coordinates"":[-73.99668957457507,41.33090149667495]}"
331,61,41.33090149667494,-73.99219799815448,"{""type"":""Point"",""coordinates"":[-73.99219799815448,41.33090149667495]}"
332,63,41.33090149667494,-73.98770642173389,"{""type"":""Point"",""coordinates"":[-73.98770642173389,41.33090149667495]}"
333,48,41.33090149667494,-73.98321484531328,"{""type"":""Point"",""coordinates"":[-73.98321484531328,41.33090149667495]}"
334,13,41.33090149667494,-73.9787232688927,"{""type"":""Point"",""coordinates"":[-73.9787232688927,41.33090149667495]}"
335,1,41.33090149667494,-73.97423169247209,"{""type"":""Point"",""coordinates"":[-73.97423169247209,41.33090149667495]}"
336,7,41.33090149667494,-73.9697401160515,"{""type"":""Point"",""coordinates"":[-73.9697401160515,41.33090149667495]}"
337,42,41.33090149667494,-73.96524853963089,"{""type"":""Point"",""coordinates"":[-73.96524853963089,41.33090149667495]}"
338,82,41.33090149667494,-73.9607569632103,"{""type"":""Point"",""coordinates"":[-73.9607569632103,41.33090149667495]}"
339,105,41.33090149667494,-73.9562653867897,"{""type"":""Point"",""coordinates"":[-73.9562653867897,41.33090149667494]}"
340,182,41.33090149667494,-73.9517738103691,"{""type"":""Point"",""coordinates"":[-73.9517738103691,41.33090149667494]}"
341,191,41.33090149667494,-73.9472822339485,"{""type"":""Point"",""coordinates"":[-73.9472822339485,41.33090149667495]}"
342,184,41.33090149667494,-73.94279065752791,"{""type"":""Point"",""coordinates"":[-73.94279065752791,41.33090149667495]}"
343,154,41.33090149667494,-73.9382990811073,"{""type"":""Point"",""coordinates"":[-73.93829908110732,41.33090149667495]}"
344,117,41.33090149667494,-73.93380750468671,"{""type"":""Point"",""coordinates"":[-73.93380750468671,41.33090149667495]}"
345,112,41.33090149667494,-73.92931592826612,"{""type"":""Point"",""coordinates"":[-73.92931592826612,41.33090149667495]}"
346,122,41.33090149667494,-73.92482435184552,"{""type"":""Point"",""coordinates"":[-73.92482435184552,41.33090149667495]}"
347,115,41.33090149667494,-73.92033277542492,"{""type"":""Point"",""coordinates"":[-73.92033277542492,41.33090149667495]}"
348,116,41.33090149667494,-73.91584119900432,"{""type"":""Point"",""coordinates"":[-73.91584119900432,41.33090149667494]}"
349,54,41.33090149667494,-73.91134962258373,"{""type"":""Point"",""coordinates"":[-73.91134962258373,41.33090149667494]}"
350,57,41.33090149667494,-73.90685804616312,"{""type"":""Point"",""coordinates"":[-73.90685804616312,41.33090149667495]}"
351,89,41.33090149667494,-73.90236646974253,"{""type"":""Point"",""coordinates"":[-73.90236646974253,41.33090149667495]}"
352,81,41.32640992025434,-73.99668957457507,"{""type"":""Point"",""coordinates"":[-73.99668957457507,41.32640992025434]}"
353,60,41.32640992025434,-73.99219799815448,"{""type"":""Point"",""coordinates"":[-73.99219799815448,41.32640992025434]}"
354,51,41.32640992025434,-73.98770642173389,"{""type"":""Point"",""coordinates"":[-73.98770642173389,41.32640992025434]}"
355,16,41.32640992025434,-73.98321484531328,"{""type"":""Point"",""coordinates"":[-73.98321484531328,41.32640992025434]}"
356,0,41.32640992025434,-73.9787232688927,"{""type"":""Point"",""coordinates"":[-73.9787232688927,41.32640992025435]}"
357,8,41.32640992025434,-73.97423169247209,"{""type"":""Point"",""coordinates"":[-73.97423169247209,41.32640992025434]}"
358,64,41.32640992025434,-73.9697401160515,"{""type"":""Point"",""coordinates"":[-73.9697401160515,41.32640992025434]}"
359,170,41.32640992025434,-73.96524853963089,"{""type"":""Point"",""coordinates"":[-73.96524853963089,41.32640992025435]}"
360,200,41.32640992025434,-73.9607569632103,"{""type"":""Point"",""coordinates"":[-73.9607569632103,41.32640992025434]}"
361,189,41.32640992025434,-73.9562653867897,"{""type"":""Point"",""coordinates"":[-73.9562653867897,41.32640992025434]}"
362,208,41.32640992025434,-73.9517738103691,"{""type"":""Point"",""coordinates"":[-73.9517738103691,41.32640992025434]}"
363,227,41.32640992025434,-73.9472822339485,"{""type"":""Point"",""coordinates"":[-73.9472822339485,41.32640992025434]}"
364,199,41.32640992025434,-73.94279065752791,"{""type"":""Point"",""coordinates"":[-73.94279065752791,41.32640992025434]}"
365,170,41.32640992025434,-73.9382990811073,"{""type"":""Point"",""coordinates"":[-73.93829908110732,41.32640992025434]}"
366,116,41.32640992025434,-73.93380750468671,"{""type"":""Point"",""coordinates"":[-73.93380750468671,41.32640992025434]}"
367,86,41.32640992025434,-73.92931592826612,"{""type"":""Point"",""coordinates"":[-73.92931592826612,41.32640992025435]}"
368,81,41.32640992025434,-73.92482435184552,"{""type"":""Point"",""coordinates"":[-73.92482435184552,41.32640992025434]}"
369,124,41.32640992025434,-73.92033277542492,"{""type"":""Point"",""coordinates"":[-73.92033277542492,41.32640992025434]}"
370,91,41.32640992025434,-73.91584119900432,"{""type"":""Point"",""coordinates"":[-73.91584119900432,41.32640992025434]}"
371,43,41.32640992025434,-73.91134962258373,"{""type"":""Point"",""coordinates"":[-73.91134962258373,41.32640992025434]}"
372,69,41.32640992025434,-73.90685804616312,"{""type"":""Point"",""coordinates"":[-73.90685804616312,41.32640992025434]}"
373,109,41.32640992025434,-73.90236646974253,"{""type"":""Point"",""coordinates"":[-73.90236646974253,41.32640992025434]}"
374,102,41.321918343833744,-73.99668957457507,"{""type"":""Point"",""coordinates"":[-73.99668957457507,41.321918343833744]}"
375,60,41.321918343833744,-73.99219799815448,"{""type"":""Point"",""coordinates"":[-73.99219799815448,41.321918343833744]}"
376,33,41.321918343833744,-73.98770642173389,"{""type"":""Point"",""coordinates"":[-73.98770642173389,41.321918343833744]}"
377,5,41.321918343833744,-73.98321484531328,"{""type"":""Point"",""coordinates"":[-73.98321484531328,41.32191834383375]}"
378,8,41.321918343833744,-73.9787232688927,"{""type"":""Point"",""coordinates"":[-73.9787232688927,41.321918343833744]}"
379,104,41.321918343833744,-73.97423169247209,"{""type"":""Point"",""coordinates"":[-73.97423169247209,41.321918343833744]}"
380,207,41.321918343833744,-73.9697401160515,"{""type"":""Point"",""coordinates"":[-73.9697401160515,41.321918343833744]}"
381,224,41.321918343833744,-73.96524853963089,"{""type"":""Point"",""coordinates"":[-73.96524853963089,41.321918343833744]}"
382,203,41.321918343833744,-73.9607569632103,"{""type"":""Point"",""coordinates"":[-73.9607569632103,41.321918343833744]}"
383,234,41.321918343833744,-73.9562653867897,"{""type"":""Point"",""coordinates"":[-73.9562653867897,41.321918343833744]}"
384,233,41.321918343833744,-73.9517738103691,"{""type"":""Point"",""coordinates"":[-73.9517738103691,41.321918343833744]}"
385,207,41.321918343833744,-73.9472822339485,"{""type"":""Point"",""coordinates"":[-73.9472822339485,41.321918343833744]}"
386,159,41.321918343833744,-73.94279065752791,"{""type"":""Point"",""coordinates"":[-73.94279065752791,41.32191834383375]}"
387,113,41.321918343833744,-73.9382990811073,"{""type"":""Point"",""coordinates"":[-73.93829908110732,41.321918343833744]}"
388,102,41.321918343833744,-73.93380750468671,"{""type"":""Point"",""coordinates"":[-73.93380750468671,41.321918343833744]}"
389,116,41.321918343833744,-73.92931592826612,"{""type"":""Point"",""coordinates"":[-73.92931592826612,41.321918343833744]}"
390,100,41.321918343833744,-73.92482435184552,"{""type"":""Point"",""coordinates"":[-73.92482435184552,41.321918343833744]}"
391,124,41.321918343833744,-73.92033277542492,"{""type"":""Point"",""coordinates"":[-73.92033277542492,41.321918343833744]}"
392,78,41.321918343833744,-73.91584119900432,"{""type"":""Point"",""coordinates"":[-73.91584119900432,41.321918343833744]}"
393,57,41.321918343833744,-73.91134962258373,"{""type"":""Point"",""coordinates"":[-73.91134962258373,41.321918343833744]}"
394,117,41.321918343833744,-73.90685804616312,"{""type"":""Point"",""coordinates"":[-73.90685804616312,41.32191834383375]}"
395,97,41.321918343833744,-73.90236646974253,"{""type"":""Point"",""coordinates"":[-73.90236646974253,41.321918343833744]}"
396,187,41.317426767413146,-73.99668957457507,"{""type"":""Point"",""coordinates"":[-73.99668957457507,41.317426767413146]}"
397,76,41.317426767413146,-73.99219799815448,"{""type"":""Point"",""coordinates"":[-73.99219799815448,41.317426767413146]}"
398,45,41.317426767413146,-73.98770642173389,"{""type"":""Point"",""coordinates"":[-73.98770642173389,41.317426767413146]}"
399,3,41.317426767413146,-73.98321484531328,"{""type"":""Point"",""coordinates"":[-73.98321484531328,41.317426767413146]}"
400,16,41.317426767413146,-73.9787232688927,"{""type"":""Point"",""coordinates"":[-73.9787232688927,41.317426767413146]}"
401,187,41.317426767413146,-73.97423169247209,"{""type"":""Point"",""coordinates"":[-73.97423169247209,41.317426767413146]}"
402,228,41.317426767413146,-73.9697401160515,"{""type"":""Point"",""coordinates"":[-73.9697401160515,41.317426767413146]}"
403,186,41.317426767413146,-73.96524853963089,"{""type"":""Point"",""coordinates"":[-73.96524853963089,41.317426767413146]}"
404,184,41.317426767413146,-73.9607569632103,"{""type"":""Point"",""coordinates"":[-73.9607569632103,41.317426767413146]}"
405,226,41.317426767413146,-73.9562653867897,"{""type"":""Point"",""coordinates"":[-73.9562653867897,41.317426767413146]}"
406,205,41.317426767413146,-73.9517738103691,"{""type"":""Point"",""coordinates"":[-73.9517738103691,41.317426767413146]}"
407,161,41.317426767413146,-73.9472822339485,"{""type"":""Point"",""coordinates"":[-73.9472822339485,41.31742676741315]}"
408,131,41.317426767413146,-73.94279065752791,"{""type"":""Point"",""coordinates"":[-73.94279065752791,41.317426767413146]}"
409,92,41.317426767413146,-73.9382990811073,"{""type"":""Point"",""coordinates"":[-73.93829908110732,41.317426767413146]}"
410,75,41.317426767413146,-73.93380750468671,"{""type"":""Point"",""coordinates"":[-73.93380750468671,41.317426767413146]}"
411,65,41.317426767413146,-73.92931592826612,"{""type"":""Point"",""coordinates"":[-73.92931592826612,41.317426767413146]}"
412,99,41.317426767413146,-73.92482435184552,"{""type"":""Point"",""coordinates"":[-73.92482435184552,41.317426767413146]}"
413,79,41.317426767413146,-73.92033277542492,"{""type"":""Point"",""coordinates"":[-73.92033277542492,41.317426767413146]}"
414,30,41.317426767413146,-73.91584119900432,"{""type"":""Point"",""coordinates"":[-73.91584119900432,41.317426767413146]}"
415,78,41.317426767413146,-73.91134962258373,"{""type"":""Point"",""coordinates"":[-73.91134962258373,41.317426767413146]}"
416,92,41.317426767413146,-73.90685804616312,"{""type"":""Point"",""coordinates"":[-73.90685804616312,41.317426767413146]}"
417,30,41.317426767413146,-73.90236646974253,"{""type"":""Point"",""coordinates"":[-73.90236646974253,41.317426767413146]}"
418,281,41.31293519099255,-73.99668957457507,"{""type"":""Point"",""coordinates"":[-73.99668957457507,41.31293519099254]}"
419,108,41.31293519099255,-73.99219799815448,"{""type"":""Point"",""coordinates"":[-73.99219799815448,41.31293519099255]}"
420,49,41.31293519099255,-73.98770642173389,"{""type"":""Point"",""coordinates"":[-73.98770642173389,41.31293519099255]}"
421,5,41.31293519099255,-73.98321484531328,"{""type"":""Point"",""coordinates"":[-73.98321484531328,41.31293519099254]}"
422,0,41.31293519099255,-73.9787232688927,"{""type"":""Point"",""coordinates"":[-73.9787232688927,41.31293519099255]}"
423,27,41.31293519099255,-73.97423169247209,"{""type"":""Point"",""coordinates"":[-73.97423169247209,41.31293519099255]}"
424,133,41.31293519099255,-73.9697401160515,"{""type"":""Point"",""coordinates"":[-73.9697401160515,41.31293519099255]}"
425,135,41.31293519099255,-73.96524853963089,"{""type"":""Point"",""coordinates"":[-73.96524853963089,41.31293519099254]}"
426,161,41.31293519099255,-73.9607569632103,"{""type"":""Point"",""coordinates"":[-73.9607569632103,41.31293519099255]}"
427,199,41.31293519099255,-73.9562653867897,"{""type"":""Point"",""coordinates"":[-73.9562653867897,41.31293519099254]}"
428,184,41.31293519099255,-73.9517738103691,"{""type"":""Point"",""coordinates"":[-73.9517738103691,41.31293519099255]}"
429,161,41.31293519099255,-73.9472822339485,"{""type"":""Point"",""coordinates"":[-73.9472822339485,41.31293519099255]}"
430,109,41.31293519099255,-73.94279065752791,"{""type"":""Point"",""coordinates"":[-73.94279065752791,41.31293519099255]}"
431,61,41.31293519099255,-73.9382990811073,"{""type"":""Point"",""coordinates"":[-73.93829908110732,41.31293519099254]}"
432,70,41.31293519099255,-73.93380750468671,"{""type"":""Point"",""coordinates"":[-73.93380750468671,41.31293519099255]}"
433,61,41.31293519099255,-73.92931592826612,"{""type"":""Point"",""coordinates"":[-73.92931592826612,41.31293519099255]}"
434,49,41.31293519099255,-73.92482435184552,"{""type"":""Point"",""coordinates"":[-73.92482435184552,41.31293519099255]}"
435,22,41.31293519099255,-73.92033277542492,"{""type"":""Point"",""coordinates"":[-73.92033277542492,41.31293519099255]}"
436,58,41.31293519099255,-73.91584119900432,"{""type"":""Point"",""coordinates"":[-73.91584119900432,41.31293519099255]}"
437,54,41.31293519099255,-73.91134962258373,"{""type"":""Point"",""coordinates"":[-73.91134962258373,41.31293519099255]}"
438,28,41.31293519099255,-73.90685804616312,"{""type"":""Point"",""coordinates"":[-73.90685804616312,41.31293519099255]}"
439,39,41.31293519099255,-73.90236646974253,"{""type"":""Point"",""coordinates"":[-73.90236646974253,41.31293519099255]}"
440,237,41.30844361457195,-73.99668957457507,"{""type"":""Point"",""coordinates"":[-73.99668957457507,41.30844361457195]}"
441,138,41.30844361457195,-73.99219799815448,"{""type"":""Point"",""coordinates"":[-73.99219799815448,41.30844361457195]}"
442,60,41.30844361457195,-73.98770642173389,"{""type"":""Point"",""coordinates"":[-73.98770642173389,41.30844361457195]}"
443,7,41.30844361457195,-73.98321484531328,"{""type"":""Point"",""coordinates"":[-73.98321484531328,41.30844361457195]}"
444,6,41.30844361457195,-73.9787232688927,"{""type"":""Point"",""coordinates"":[-73.9787232688927,41.30844361457195]}"
445,3,41.30844361457195,-73.97423169247209,"{""type"":""Point"",""coordinates"":[-73.97423169247209,41.30844361457195]}"
446,12,41.30844361457195,-73.9697401160515,"{""type"":""Point"",""coordinates"":[-73.9697401160515,41.30844361457195]}"
447,102,41.30844361457195,-73.96524853963089,"{""type"":""Point"",""coordinates"":[-73.96524853963089,41.30844361457195]}"
448,183,41.30844361457195,-73.9607569632103,"{""type"":""Point"",""coordinates"":[-73.9607569632103,41.30844361457195]}"
449,218,41.30844361457195,-73.9562653867897,"{""type"":""Point"",""coordinates"":[-73.9562653867897,41.30844361457195]}"
450,189,41.30844361457195,-73.9517738103691,"{""type"":""Point"",""coordinates"":[-73.9517738103691,41.30844361457195]}"
451,140,41.30844361457195,-73.9472822339485,"{""type"":""Point"",""coordinates"":[-73.9472822339485,41.30844361457196]}"
452,85,41.30844361457195,-73.94279065752791,"{""type"":""Point"",""coordinates"":[-73.94279065752791,41.30844361457195]}"
453,39,41.30844361457195,-73.9382990811073,"{""type"":""Point"",""coordinates"":[-73.93829908110732,41.30844361457195]}"
454,75,41.30844361457195,-73.93380750468671,"{""type"":""Point"",""coordinates"":[-73.93380750468671,41.30844361457195]}"
455,49,41.30844361457195,-73.92931592826612,"{""type"":""Point"",""coordinates"":[-73.92931592826612,41.30844361457195]}"
456,22,41.30844361457195,-73.92482435184552,"{""type"":""Point"",""coordinates"":[-73.92482435184552,41.30844361457195]}"
457,53,41.30844361457195,-73.92033277542492,"{""type"":""Point"",""coordinates"":[-73.92033277542492,41.30844361457195]}"
458,37,41.30844361457195,-73.91584119900432,"{""type"":""Point"",""coordinates"":[-73.91584119900432,41.30844361457195]}"
459,25,41.30844361457195,-73.91134962258373,"{""type"":""Point"",""coordinates"":[-73.91134962258373,41.30844361457195]}"
460,54,41.30844361457195,-73.90685804616312,"{""type"":""Point"",""coordinates"":[-73.90685804616312,41.30844361457195]}"
461,69,41.30844361457195,-73.90236646974253,"{""type"":""Point"",""coordinates"":[-73.90236646974253,41.30844361457195]}"
462,160,41.30395203815135,-73.99668957457507,"{""type"":""Point"",""coordinates"":[-73.99668957457507,41.30395203815135]}"
463,176,41.30395203815135,-73.99219799815448,"{""type"":""Point"",""coordinates"":[-73.99219799815448,41.30395203815135]}"
464,89,41.30395203815135,-73.98770642173389,"{""type"":""Point"",""coordinates"":[-73.98770642173389,41.30395203815135]}"
465,5,41.30395203815135,-73.98321484531328,"{""type"":""Point"",""coordinates"":[-73.98321484531328,41.303952038151344]}"
466,10,41.30395203815135,-73.9787232688927,"{""type"":""Point"",""coordinates"":[-73.9787232688927,41.30395203815135]}"
467,13,41.30395203815135,-73.97423169247209,"{""type"":""Point"",""coordinates"":[-73.97423169247209,41.30395203815135]}"
468,1,41.30395203815135,-73.9697401160515,"{""type"":""Point"",""coordinates"":[-73.9697401160515,41.30395203815135]}"
469,13,41.30395203815135,-73.96524853963089,"{""type"":""Point"",""coordinates"":[-73.96524853963089,41.30395203815135]}"
470,82,41.30395203815135,-73.9607569632103,"{""type"":""Point"",""coordinates"":[-73.9607569632103,41.30395203815135]}"
471,114,41.30395203815135,-73.9562653867897,"{""type"":""Point"",""coordinates"":[-73.9562653867897,41.303952038151344]}"
472,89,41.30395203815135,-73.9517738103691,"{""type"":""Point"",""coordinates"":[-73.9517738103691,41.30395203815135]}"
473,120,41.30395203815135,-73.9472822339485,"{""type"":""Point"",""coordinates"":[-73.9472822339485,41.30395203815135]}"
474,54,41.30395203815135,-73.94279065752791,"{""type"":""Point"",""coordinates"":[-73.94279065752791,41.30395203815135]}"
475,37,41.30395203815135,-73.9382990811073,"{""type"":""Point"",""coordinates"":[-73.93829908110732,41.303952038151344]}"
476,86,41.30395203815135,-73.93380750468671,"{""type"":""Point"",""coordinates"":[-73.93380750468671,41.303952038151344]}"
477,39,41.30395203815135,-73.92931592826612,"{""type"":""Point"",""coordinates"":[-73.92931592826612,41.30395203815135]}"
478,9,41.30395203815135,-73.92482435184552,"{""type"":""Point"",""coordinates"":[-73.92482435184552,41.30395203815135]}"
479,19,41.30395203815135,-73.92033277542492,"{""type"":""Point"",""coordinates"":[-73.92033277542492,41.30395203815135]}"
480,32,41.30395203815135,-73.91584119900432,"{""type"":""Point"",""coordinates"":[-73.91584119900432,41.30395203815135]}"
481,62,41.30395203815135,-73.91134962258373,"{""type"":""Point"",""coordinates"":[-73.91134962258373,41.30395203815135]}"
482,92,41.30395203815135,-73.90685804616312,"{""type"":""Point"",""coordinates"":[-73.90685804616312,41.30395203815135]}"
483,116,41.30395203815135,-73.90236646974253,"{""type"":""Point"",""coordinates"":[-73.90236646974253,41.30395203815135]}"
